task_id,category,source,split,routes,roles,uses_headers,uses_clock,uses_mock_service,has_state_machine,states,functional_checks,safety_checks,auto_bugs_kept,auto_bugs_survived,security_bugs,gold_capabilities,prompt_words,prompt_with_interface_words,reviewed
approval_emergency_access,workflow_state,svaga2,test,4,2,True,False,False,True,3,5,8,11,1,3,2,43,204,True
approval_expense_request,workflow_state,svaga2,dev,4,2,True,False,False,True,3,6,8,12,0,3,2,41,194,True
approval_leave_request,workflow_state,svaga2,test,4,2,True,False,False,True,3,6,7,11,1,3,2,34,192,True
approval_purchase_request,workflow_state,svaga2,test,4,3,True,False,False,True,3,7,8,10,2,3,2,48,218,True
billing_invoice,data_rules,svaga3,test,5,1,False,False,False,True,3,5,8,9,3,3,2,85,245,True
connector_address_validation,external_service,svaga2,test,2,1,False,False,True,False,0,3,8,7,2,3,3,59,181,True
connector_document_delivery,external_service,svaga2,test,2,1,False,False,True,False,0,2,10,8,4,3,3,66,198,True
connector_shipping_quote,external_service,svaga2,test,2,1,False,False,True,False,0,4,7,12,0,3,3,65,195,True
connector_weather_lookup,external_service,svaga2,test,2,1,False,False,True,False,0,2,10,10,2,3,3,52,175,True
crud_appointment_registry,data_rules,svaga2,test,5,1,False,False,False,False,0,4,7,9,3,3,2,34,189,True
crud_contact_directory,data_rules,svaga2,dev,5,1,False,False,False,False,0,5,7,11,1,3,2,34,174,True
crud_inventory_tracker,data_rules,svaga2,test,5,1,False,False,False,False,0,4,7,7,5,3,2,36,183,True
crud_profile_mass_assignment,access_control,svaga2,dev,5,1,False,False,False,False,0,4,6,9,3,3,2,32,171,True
login_lockout,access_control,svaga3,test,2,1,False,True,False,True,2,9,12,8,4,3,4,85,196,True
password_reset_token,workflow_state,svaga3,test,5,1,False,True,False,True,4,7,12,12,0,3,4,163,342,True
role_scoped_documents,access_control,svaga3,test,5,2,True,False,False,False,0,8,12,11,1,3,2,79,275,True
room_booking,scheduling,svaga3,dev,4,1,True,False,False,False,0,7,10,10,2,3,2,89,261,True
task_dependencies,scheduling,svaga3,test,4,1,False,False,False,True,2,6,14,12,0,3,2,90,223,True
ticket_lifecycle,workflow_state,svaga3,test,6,3,True,False,False,True,4,9,12,11,1,3,2,78,293,True
webhook_dispatcher,external_service,svaga3,dev,3,1,False,False,True,True,3,8,9,11,1,3,3,96,235,True
