cause,m0,m1,m2
App did not start,36,30,44
Server crash (500) or no valid response,54,22,83
"Accepts invalid or unknown input (2xx, expected 422)",29,22,13
"Missing permission check (2xx, expected 403)",3,4,8
"Missing conflict or state rule (2xx, expected 409)",5,1,0
Outside-service error not handled (expected 502),5,6,15
"Identity treated as validation (422, expected 403)",7,2,0
"Rejects valid requests (4xx, expected 2xx)",11,3,10
Wrong or missing route (404/405),0,0,0
"Wrong response shape (missing key, wrong type)",16,6,7
Other wrong status code,11,7,3
Wrong value or state,0,0,2
