model,task,category,repeat,decision,hidden_passed,hidden_total,hidden_pass,false_assurance,false_rejection,violation_recall,own_mutation_score,safety_rate,generation_seconds,wall_seconds,error,tokens,llm_calls,failed_verifiers,excess_imports
m0,approval_emergency_access,workflow_state,1,REJECT,12,13,False,False,False,0.0,0.4,0.875,53.57,61.58,,5787,1,own_tests,
m0,approval_emergency_access,workflow_state,2,REJECT,12,13,False,False,False,0.0,0.4,0.875,49.77,57.8,,5158,1,own_tests,
m0,approval_emergency_access,workflow_state,3,ACCEPT,12,13,False,True,False,0.0,0.3,0.875,51.6,59.46,,5598,1,,
m0,approval_leave_request,workflow_state,1,REJECT,11,13,False,False,False,0.0,0.3,0.7142857142857143,51.76,60.23,,5489,1,own_tests,
m0,approval_leave_request,workflow_state,2,REJECT,1,13,False,False,False,0.0,0.3,0.14285714285714285,55.33,63.86,,5604,1,own_tests,
m0,approval_leave_request,workflow_state,3,REJECT,5,13,False,False,False,0.0,0.2,0.42857142857142855,48.75,57.17,,5200,1,own_tests,
m0,approval_purchase_request,workflow_state,1,REJECT,14,15,False,False,False,0.0,0.3,0.875,51.14,59.56,,5425,1,own_tests,
m0,approval_purchase_request,workflow_state,2,REJECT,4,15,False,False,False,0.0,0.2,0.5,60.56,69.03,,5932,1,own_tests,
m0,approval_purchase_request,workflow_state,3,REJECT,6,15,False,False,False,0.0,0.4,0.5,47.19,58.9,,5172,1,own_tests,
m0,billing_invoice,data_rules,1,ACCEPT,8,13,False,True,False,0.0,0.5,0.375,39.66,47.46,,4562,1,,
m0,billing_invoice,data_rules,2,ACCEPT,10,13,False,True,False,0.0,0.2,0.625,35.66,43.38,,4145,1,,
m0,billing_invoice,data_rules,3,ACCEPT,10,13,False,True,False,0.0,0.4,0.625,45.42,53.27,,5049,1,,
m0,connector_address_validation,external_service,1,ACCEPT,10,11,False,True,False,0.0,0.0,0.875,29.79,37.64,,3636,1,,
m0,connector_address_validation,external_service,2,ACCEPT,10,11,False,True,False,0.0,0.0,0.875,22.41,29.27,,3013,1,,
m0,connector_address_validation,external_service,3,ACCEPT,10,11,False,True,False,0.0,0.0,0.875,25.84,32.64,,3374,1,,
m0,connector_document_delivery,external_service,1,REJECT,0,12,False,False,False,0.0,0.0,0.0,24.86,28.07,,3326,1,own_tests,
m0,connector_document_delivery,external_service,2,REJECT,0,12,False,False,False,0.0,0.0,0.0,23.16,26.2,,3219,1,own_tests,
m0,connector_document_delivery,external_service,3,REJECT,0,12,False,False,False,0.0,0.0,0.0,22.01,25.04,,3179,1,own_tests,
m0,connector_shipping_quote,external_service,1,REJECT,9,11,False,False,False,0.0,0.4,0.7142857142857143,19.68,33.56,,2874,1,own_tests,
m0,connector_shipping_quote,external_service,2,ACCEPT,9,11,False,True,False,0.0,0.0,0.7142857142857143,20.48,27.52,,2973,1,,
m0,connector_shipping_quote,external_service,3,REJECT,8,11,False,False,False,0.0,0.2,0.5714285714285714,18.77,32.23,,2813,1,own_tests,
m0,connector_weather_lookup,external_service,1,ACCEPT,9,12,False,True,False,0.0,0.0,0.7,17.94,24.97,,2776,1,,
m0,connector_weather_lookup,external_service,2,ACCEPT,9,12,False,True,False,0.0,0.0,0.7,22.1,29.25,,3033,1,,
m0,connector_weather_lookup,external_service,3,ACCEPT,9,12,False,True,False,0.0,0.0,0.7,18.58,25.73,,2818,1,,
m0,crud_appointment_registry,data_rules,1,REJECT,8,11,False,False,False,0.0,0.4,0.8571428571428571,40.88,48.52,,4736,1,own_tests,
m0,crud_appointment_registry,data_rules,2,REJECT,9,11,False,False,False,0.0,0.2,0.8571428571428571,39.62,47.31,,4534,1,own_tests,
m0,crud_appointment_registry,data_rules,3,REJECT,10,11,False,False,False,0.0,0.2,1.0,41.48,49.3,,4795,1,own_tests,
m0,crud_inventory_tracker,data_rules,1,ACCEPT,11,11,True,False,False,0.0,0.6,1.0,34.38,41.73,,4119,1,,
m0,crud_inventory_tracker,data_rules,2,ACCEPT,11,11,True,False,False,0.0,0.6,1.0,34.96,42.49,,4016,1,,
m0,crud_inventory_tracker,data_rules,3,ACCEPT,11,11,True,False,False,0.0,0.6,1.0,32.67,40.39,,4026,1,,
m0,login_lockout,access_control,1,REJECT,9,21,False,False,False,0.0,0.1,0.4166666666666667,31.04,44.46,,3751,1,own_tests,
m0,login_lockout,access_control,2,REJECT,21,21,True,False,True,0.0,0.8,1.0,28.62,38.64,,3590,1,own_tests,
m0,login_lockout,access_control,3,REJECT,21,21,True,False,True,0.0,0.4,1.0,25.33,34.53,,3398,1,own_tests,
m0,password_reset_token,workflow_state,1,REJECT,5,19,False,False,False,0.0,0.4,0.25,48.03,58.06,,5362,1,own_tests,
m0,password_reset_token,workflow_state,2,ACCEPT,16,19,False,True,False,0.0,0.5,0.75,52.43,62.72,,5567,1,,
m0,password_reset_token,workflow_state,3,REJECT,4,19,False,False,False,0.0,0.3,0.16666666666666666,45.27,59.35,,5130,1,own_tests,
m0,role_scoped_documents,access_control,1,REJECT,19,20,False,False,False,0.0,0.2,0.9166666666666666,58.55,67.87,,5932,1,own_tests,
m0,role_scoped_documents,access_control,2,ACCEPT,19,20,False,True,False,0.0,0.4,0.9166666666666666,45.63,55.36,,4985,1,,
m0,role_scoped_documents,access_control,3,REJECT,19,20,False,False,False,0.0,0.4,0.9166666666666666,49.89,59.07,,5480,1,own_tests,
m0,task_dependencies,scheduling,1,REJECT,17,20,False,False,False,0.0,0.5,0.8571428571428571,40.93,50.15,,4458,1,own_tests,
m0,task_dependencies,scheduling,2,REJECT,20,20,True,False,True,0.0,0.6,1.0,36.14,46.07,,4131,1,own_tests,
m0,task_dependencies,scheduling,3,REJECT,17,20,False,False,False,0.0,0.3,0.8571428571428571,36.99,46.13,,4300,1,own_tests,
m0,ticket_lifecycle,workflow_state,1,REJECT,19,21,False,False,False,0.0,0.3,0.9166666666666666,58.34,67.98,,5889,1,own_tests,
m0,ticket_lifecycle,workflow_state,2,ACCEPT,19,21,False,True,False,0.0,0.2,0.8333333333333334,66.43,77.15,,6741,1,,
m0,ticket_lifecycle,workflow_state,3,REJECT,19,21,False,False,False,0.0,0.5,0.8333333333333334,53.91,64.1,,5740,1,own_tests,
m1,approval_emergency_access,workflow_state,1,REJECT,12,13,False,False,False,0.0,0.6,0.875,49.13,58.11,,6559,2,pytest_sandbox,
m1,approval_emergency_access,workflow_state,2,REJECT,12,13,False,False,False,0.0,0.6,0.875,53.04,61.17,,6666,2,pytest_sandbox,
m1,approval_emergency_access,workflow_state,3,REJECT,4,13,False,False,False,0.0,0.0,0.5,49.74,57.63,,6611,2,pytest_sandbox,
m1,approval_leave_request,workflow_state,1,ACCEPT,13,13,True,False,False,0.0,0.4,1.0,54.58,62.38,,6849,2,,
m1,approval_leave_request,workflow_state,2,ACCEPT,13,13,True,False,False,0.0,0.5,1.0,55.74,63.97,,6795,2,,
m1,approval_leave_request,workflow_state,3,ACCEPT,13,13,True,False,False,0.0,0.4,1.0,54.88,62.68,,6879,2,,
m1,approval_purchase_request,workflow_state,1,REJECT,14,15,False,False,False,0.0,0.5,0.875,48.89,57.18,,6637,2,pytest_sandbox,
m1,approval_purchase_request,workflow_state,2,ACCEPT,15,15,True,False,False,0.0,0.5,1.0,61.88,70.12,,7313,2,,
m1,approval_purchase_request,workflow_state,3,ACCEPT,14,15,False,True,False,0.0,0.3,0.875,52.34,60.42,,6941,2,,
m1,billing_invoice,data_rules,1,REJECT,11,13,False,False,False,0.0,0.5,0.75,45.06,53.02,,6324,2,pytest_sandbox,
m1,billing_invoice,data_rules,2,ACCEPT,11,13,False,True,False,0.5,0.6,0.75,41.65,52.52,,5977,2,,
m1,billing_invoice,data_rules,3,REJECT,11,13,False,False,False,0.0,0.4,0.75,38.85,46.71,,5858,2,pytest_sandbox,
m1,connector_address_validation,external_service,1,REJECT,11,11,True,False,True,0.0,0.2,1.0,28.47,49.22,,4321,2,pytest_sandbox,
m1,connector_address_validation,external_service,2,REJECT,11,11,True,False,True,0.0,0.3,1.0,26.25,44.45,,4275,2,pytest_sandbox,
m1,connector_address_validation,external_service,3,REJECT,9,11,False,False,False,0.0,0.2222,0.75,22.27,32.39,,4143,2,pytest_sandbox,
m1,connector_document_delivery,external_service,1,ACCEPT,12,12,True,False,False,0.0,0.0,1.0,25.8,33.84,,4550,2,,
m1,connector_document_delivery,external_service,2,REJECT,7,12,False,False,False,0.0,0.3,0.5,27.04,41.36,,4531,2,pytest_sandbox,
m1,connector_document_delivery,external_service,3,REJECT,12,12,True,False,True,0.0,0.5,1.0,26.29,39.03,,4637,2,pytest_sandbox,
m1,connector_shipping_quote,external_service,1,REJECT,10,11,False,False,False,0.0,0.0,0.8571428571428571,25.35,41.27,,4409,2,pytest_sandbox,
m1,connector_shipping_quote,external_service,2,REJECT,9,11,False,False,False,0.0,0.4,0.7142857142857143,24.73,40.52,,4301,2,pytest_sandbox,
m1,connector_shipping_quote,external_service,3,REJECT,0,11,False,False,False,0.0,,0.0,25.55,28.5,,4525,2,pytest_sandbox;policy_static;api_fuzz,
m1,connector_weather_lookup,external_service,1,REJECT,9,12,False,False,False,0.0,0.1,0.7,23.33,39.69,,4119,2,pytest_sandbox,
m1,connector_weather_lookup,external_service,2,ACCEPT,9,12,False,True,False,0.0,0.0,0.7,28.24,35.41,,4475,2,,
m1,connector_weather_lookup,external_service,3,REJECT,11,12,False,False,False,0.0,0.0,0.9,23.78,35.34,,4162,2,pytest_sandbox,
m1,crud_appointment_registry,data_rules,1,REJECT,9,11,False,False,False,0.0,0.7,0.8571428571428571,52.73,60.3,,6756,2,pytest_sandbox,
m1,crud_appointment_registry,data_rules,2,REJECT,9,11,False,False,False,0.0,0.6,0.8571428571428571,53.64,61.67,,6611,2,pytest_sandbox,
m1,crud_appointment_registry,data_rules,3,REJECT,9,11,False,False,False,0.0,0.3,0.8571428571428571,43.04,51.2,,6006,2,pytest_sandbox,
m1,crud_inventory_tracker,data_rules,1,ACCEPT,11,11,True,False,False,0.0,0.7,1.0,38.87,46.43,,5555,2,,
m1,crud_inventory_tracker,data_rules,2,REJECT,10,11,False,False,False,0.0,0.4,0.8571428571428571,35.93,43.6,,5323,2,pytest_sandbox,
m1,crud_inventory_tracker,data_rules,3,ACCEPT,11,11,True,False,False,0.0,0.6,1.0,33.0,40.42,,5141,2,,
m1,login_lockout,access_control,1,REJECT,21,21,True,False,True,0.0,0.8,1.0,34.32,52.65,,4983,2,pytest_sandbox,
m1,login_lockout,access_control,2,REJECT,21,21,True,False,True,0.0,0.5,1.0,35.39,53.61,,4972,2,pytest_sandbox,
m1,login_lockout,access_control,3,REJECT,21,21,True,False,True,0.0,0.5,1.0,34.96,52.26,,5070,2,pytest_sandbox,
m1,password_reset_token,workflow_state,1,REJECT,0,19,False,False,False,0.0,0.0,0.0,53.94,57.41,,7247,2,pytest_sandbox;api_fuzz,
m1,password_reset_token,workflow_state,2,REJECT,5,19,False,False,False,0.0,0.4,0.25,53.6,68.93,,7080,2,pytest_sandbox,
m1,password_reset_token,workflow_state,3,ACCEPT,18,19,False,True,False,0.0,0.5,0.9166666666666666,49.67,58.75,,7013,2,,
m1,role_scoped_documents,access_control,1,REJECT,15,20,False,False,False,0.0,0.7,0.8333333333333334,47.21,56.49,,6501,2,pytest_sandbox,
m1,role_scoped_documents,access_control,2,ACCEPT,18,20,False,True,False,0.0,0.5,0.8333333333333334,50.07,60.7,,6700,2,,
m1,role_scoped_documents,access_control,3,ACCEPT,18,20,False,True,False,0.0,0.5,0.8333333333333334,50.74,59.88,,6889,2,,
m1,task_dependencies,scheduling,1,REJECT,20,20,True,False,True,0.0,0.5,1.0,41.64,50.84,,5774,2,pytest_sandbox,
m1,task_dependencies,scheduling,2,REJECT,20,20,True,False,True,0.0,0.6,1.0,38.9,48.59,,5760,2,pytest_sandbox,
m1,task_dependencies,scheduling,3,ACCEPT,17,20,False,True,False,0.0,0.8,0.7857142857142857,39.73,49.52,,5825,2,,
m1,ticket_lifecycle,workflow_state,1,ACCEPT,20,21,False,True,False,0.0,0.5,0.9166666666666666,67.9,77.72,,8415,2,,
m1,ticket_lifecycle,workflow_state,2,ACCEPT,19,21,False,True,False,0.0,0.3,0.8333333333333334,64.49,74.09,,8045,2,,
m1,ticket_lifecycle,workflow_state,3,ACCEPT,21,21,True,False,False,0.0,0.4,1.0,75.62,85.18,,8755,2,,
m2,approval_emergency_access,workflow_state,1,REJECT,12,13,False,False,False,0.6429,0.6,0.875,44.08,55.56,,8580,3,pytest_sandbox,
m2,approval_emergency_access,workflow_state,2,ACCEPT,10,13,False,True,False,0.6429,0.7,0.875,43.76,55.36,,8346,3,,
m2,approval_emergency_access,workflow_state,3,ACCEPT,10,13,False,True,False,0.6429,0.4,0.875,43.45,54.65,,8345,3,,
m2,approval_leave_request,workflow_state,1,REJECT,13,13,True,False,True,0.9286,0.4,1.0,28.62,40.23,,5700,2,pytest_sandbox,
m2,approval_leave_request,workflow_state,2,REJECT,12,13,False,False,False,0.9286,0.2,0.8571428571428571,31.29,43.29,,5781,2,pytest_sandbox,
m2,approval_leave_request,workflow_state,3,ACCEPT,13,13,True,False,False,0.9286,0.6,1.0,27.71,39.2,,5661,2,,
m2,approval_purchase_request,workflow_state,1,REJECT,14,15,False,False,False,0.4615,0.3,0.875,31.67,43.45,,6010,2,pytest_sandbox,
m2,approval_purchase_request,workflow_state,2,ACCEPT,15,15,True,False,False,0.4615,0.3,1.0,43.7,55.12,,8415,3,,
m2,approval_purchase_request,workflow_state,3,ACCEPT,15,15,True,False,False,0.4615,0.2,1.0,37.78,49.02,,8157,3,,
m2,billing_invoice,data_rules,1,REJECT,0,13,False,False,False,0.1667,,0.0,29.29,34.64,,5842,2,pytest_sandbox;policy_static;api_fuzz,
m2,billing_invoice,data_rules,2,REJECT,2,13,False,False,False,0.1667,0.1,0.25,32.07,43.0,,5927,2,pytest_sandbox,
m2,billing_invoice,data_rules,3,REJECT,2,13,False,False,False,0.1667,0.0,0.25,27.26,37.81,,5664,2,pytest_sandbox,
m2,connector_address_validation,external_service,1,ACCEPT,11,11,True,False,False,0.2,0.1,1.0,16.67,32.61,,4029,2,,
m2,connector_address_validation,external_service,2,ACCEPT,11,11,True,False,False,0.2,0.1429,1.0,15.5,29.94,,4027,2,,
m2,connector_address_validation,external_service,3,ACCEPT,5,11,False,True,False,0.2,0.1,0.375,15.7,29.07,,4103,2,,
m2,connector_document_delivery,external_service,1,ACCEPT,12,12,True,False,False,0.1818,0.0,1.0,19.37,35.96,,4715,2,,
m2,connector_document_delivery,external_service,2,ACCEPT,4,12,False,True,False,0.1818,0.1,0.3,20.01,37.36,,4756,2,,
m2,connector_document_delivery,external_service,3,ACCEPT,4,12,False,True,False,0.1818,0.0,0.3,20.17,33.77,,4783,2,,
m2,connector_shipping_quote,external_service,1,ACCEPT,10,11,False,True,False,0.2667,0.1,0.8571428571428571,15.26,30.56,,4157,2,,
m2,connector_shipping_quote,external_service,2,ACCEPT,10,11,False,True,False,0.2667,0.0,0.8571428571428571,15.87,30.61,,4287,2,,
m2,connector_shipping_quote,external_service,3,ACCEPT,10,11,False,True,False,0.2667,0.3,0.8571428571428571,15.04,32.03,,4253,2,,
m2,connector_weather_lookup,external_service,1,REJECT,11,12,False,False,False,0.1538,0.0,0.9,15.91,38.6,,3827,2,pytest_sandbox,
m2,connector_weather_lookup,external_service,2,ACCEPT,11,12,False,True,False,0.1538,0.2,0.9,12.9,28.24,,3772,2,,
m2,connector_weather_lookup,external_service,3,ACCEPT,11,12,False,True,False,0.1538,0.1,0.9,14.0,28.57,,3898,2,,
m2,crud_appointment_registry,data_rules,1,REJECT,9,11,False,False,False,0.75,0.4,0.8571428571428571,30.68,41.26,,7622,3,pytest_sandbox,
m2,crud_appointment_registry,data_rules,2,ACCEPT,9,11,False,True,False,0.75,0.2,0.8571428571428571,33.99,43.99,,7675,3,,
m2,crud_appointment_registry,data_rules,3,ACCEPT,11,11,True,False,False,0.75,0.3,1.0,27.6,37.54,,7324,3,,
m2,crud_inventory_tracker,data_rules,1,ACCEPT,11,11,True,False,False,0.7,0.2,1.0,22.32,32.11,,4941,2,,
m2,crud_inventory_tracker,data_rules,2,REJECT,0,11,False,False,False,0.7,,0.0,18.38,23.96,,4571,2,pytest_sandbox;policy_static;api_fuzz,
m2,crud_inventory_tracker,data_rules,3,REJECT,10,11,False,False,False,0.7,0.3,0.8571428571428571,18.47,28.47,,4602,2,pytest_sandbox,
m2,login_lockout,access_control,1,REJECT,19,21,False,False,False,0.1818,0.1,0.9166666666666666,27.53,42.62,,6526,3,pytest_sandbox,
m2,login_lockout,access_control,2,REJECT,2,21,False,False,False,0.1818,0.1,0.16666666666666666,30.05,44.18,,6537,3,pytest_sandbox,
m2,login_lockout,access_control,3,REJECT,19,21,False,False,False,0.1818,0.1,0.9166666666666666,26.61,41.9,,6406,3,pytest_sandbox,
m2,password_reset_token,workflow_state,1,REJECT,17,19,False,False,False,0.3333,0.1,0.8333333333333334,39.42,52.4,,8766,3,pytest_sandbox,
m2,password_reset_token,workflow_state,2,REJECT,5,19,False,False,False,0.3333,0.3,0.25,29.63,43.46,,5885,2,pytest_sandbox,
m2,password_reset_token,workflow_state,3,REJECT,5,19,False,False,False,0.3333,0.3,0.25,37.75,50.74,,8819,3,pytest_sandbox,
m2,role_scoped_documents,access_control,1,REJECT,20,20,True,False,True,0.5,0.0,1.0,26.56,39.54,,5556,2,pytest_sandbox,
m2,role_scoped_documents,access_control,2,REJECT,19,20,False,False,False,0.5,0.2,0.9166666666666666,27.49,42.6,,5678,2,pytest_sandbox,
m2,role_scoped_documents,access_control,3,REJECT,0,20,False,False,False,0.5,,0.0,26.83,33.38,,5644,2,pytest_sandbox;policy_static;api_fuzz,
m2,task_dependencies,scheduling,1,ACCEPT,19,20,False,True,False,0.2,0.2,0.9285714285714286,33.35,45.48,,7833,3,,
m2,task_dependencies,scheduling,2,ACCEPT,20,20,True,False,False,0.2,0.0,1.0,32.65,45.32,,7856,3,,
m2,task_dependencies,scheduling,3,ACCEPT,20,20,True,False,False,0.2,0.3,1.0,32.82,45.01,,7575,3,,
m2,ticket_lifecycle,workflow_state,1,ACCEPT,11,21,False,True,False,0.2857,0.1,0.5,52.83,65.82,,9718,3,,
m2,ticket_lifecycle,workflow_state,2,ACCEPT,10,21,False,True,False,0.2857,0.3,0.5,40.63,53.26,,8967,3,,
m2,ticket_lifecycle,workflow_state,3,ACCEPT,20,21,False,True,False,0.2857,0.2,0.9166666666666666,42.44,56.35,,9161,3,,
